scenario,algo,cost_mean,cost_std,cost_ci,viol_mean,viol_std,fcsd_mean,fcsd_std,time_mean,n
S1_grid_normal,cpo,15807.506,545.058,477.765,0.000,0.000,1.000,0.001,621.343,5
S1_grid_normal,fuzzy_sac,15052.357,1154.566,1012.021,0.000,0.000,0.933,0.012,2665.118,5
S1_grid_normal,hfg_sac,14996.801,843.302,739.187,0.000,0.000,0.940,0.011,4202.736,5
S1_grid_normal,ppo,16728.442,11213.743,9829.279,88.839,14.264,0.632,0.068,433.078,5
S1_grid_normal,ppo_lagrangian,21212.267,2603.022,2281.649,5.446,12.179,0.980,0.045,484.137,5
S1_grid_normal,sac,14131.403,2217.307,1943.555,69.881,38.556,0.717,0.147,2365.974,5
S1_grid_normal,safety_layer,32727.562,7669.082,6722.247,0.000,0.000,0.991,0.011,2318.036,5
S2_grid_extreme,cpo,29259.864,1591.598,1395.097,0.000,0.000,0.999,0.001,1076.489,5
S2_grid_extreme,fuzzy_sac,24603.797,4292.338,3762.400,0.000,0.000,0.891,0.028,2644.816,5
S2_grid_extreme,hfg_sac,23442.121,1503.936,1318.258,0.000,0.000,0.900,0.012,4250.519,5
S2_grid_extreme,ppo,20435.641,9358.447,8203.041,82.440,15.404,0.634,0.031,445.059,5
S2_grid_extreme,ppo_lagrangian,40971.003,10919.072,9570.989,6.488,14.508,0.976,0.054,488.567,5
S2_grid_extreme,sac,17765.188,1694.679,1485.451,89.524,13.959,0.636,0.036,1622.757,5
S2_grid_extreme,safety_layer,34895.742,3406.370,2985.815,0.000,0.000,0.959,0.023,2355.772,5
S3_island_normal,cpo,10962.642,289.984,254.182,1.220,2.263,0.997,0.005,324.311,5
S3_island_normal,fuzzy_sac,10028.097,1131.004,991.369,1.071,0.797,0.990,0.002,1779.588,5
S3_island_normal,hfg_sac,9096.797,1542.868,1352.383,0.595,0.278,0.992,0.003,3087.842,5
S3_island_normal,ppo,5558.420,1762.983,1545.323,98.929,0.399,0.775,0.037,465.443,5
S3_island_normal,ppo_lagrangian,12082.173,3380.509,2963.147,30.506,30.501,0.926,0.070,325.486,5
S3_island_normal,sac,6461.005,868.046,760.876,97.976,1.112,0.784,0.011,1791.850,5
S3_island_normal,safety_layer,8894.090,2244.359,1967.268,12.976,14.762,0.959,0.047,1337.191,5
S4_island_extreme,cpo,17632.300,410.315,359.657,0.060,0.133,1.000,0.000,835.293,5
S4_island_extreme,fuzzy_sac,14920.600,751.872,659.045,1.220,1.273,0.989,0.004,3013.986,5
S4_island_extreme,hfg_sac,14925.267,2125.022,1862.664,0.625,0.413,0.993,0.003,5663.657,5
S4_island_extreme,ppo,13347.450,2563.040,2246.603,78.690,35.398,0.834,0.075,411.012,5
S4_island_extreme,ppo_lagrangian,16682.770,896.356,785.691,40.863,32.461,0.912,0.069,480.484,5
S4_island_extreme,sac,14285.664,2240.653,1964.019,95.089,5.846,0.767,0.061,1404.787,5
S4_island_extreme,safety_layer,13257.507,3211.355,2814.877,34.583,35.407,0.890,0.110,2442.134,5
