algorithm,scenario,cost_mean,cost_std,violation_mean,violation_std,fcsd_mean
MILP,S1_grid_normal,59361.99989973944,0.0,0.0,0.0,0.1436941964285714
MILP,S2_grid_extreme,79120.60538042871,0.0,0.0,0.0,0.1436941964285714
MILP,S3_island_normal,71486.79598383786,0.0,0.0,0.0,0.0032138167953125996
MILP,S4_island_extreme,99856.32718037548,0.0,0.0,0.0,0.002650669642857143
MPC,S1_grid_normal,59597.34504891336,0.0,0.0,0.0,0.10426084816037702
MPC,S2_grid_extreme,77287.42193961533,0.0,0.0,0.0,0.10426084816037702
MPC,S3_island_normal,72513.76911669478,0.0,0.0,0.0,0.11842281834608848
MPC,S4_island_extreme,100487.87852908694,0.0,0.0,0.0,0.11842281834608848
sac,S1_grid_normal,108610.40809907897,26205.552835455455,82.19246031746032,29.297089552628332,0.6749846074758064
sac,S2_grid_extreme,180734.7034951701,17638.829281278235,99.25595238095237,1.7404671430534633e-14,0.5831763949069432
sac,S3_island_normal,31911.2345501863,11707.41205914212,98.95833333333333,1.7404671430534633e-14,0.7533096502328694
sac,S4_island_extreme,78054.908435822,22241.93860244495,98.95833333333333,1.7404671430534633e-14,0.7497281437367058
ppo,S1_grid_normal,118874.05474442737,32551.404745043423,1.7361111111111114,3.007032652029301,0.9523876078107353
ppo,S2_grid_extreme,116768.19470910763,11801.778151828768,42.16269841269841,18.223750005087357,0.7917052586574836
ppo,S3_island_normal,67319.3997710315,10698.51107558726,4.166666666666666,5.9579586961808335,0.9888443670404238
ppo,S4_island_extreme,92613.73857219295,13085.517807600103,43.70039682539683,5.540699027244344,0.8613471809892839
ppo_lagrangian,S1_grid_normal,155435.0823448208,14305.4782580213,0.0,0.0,0.9999828974524853
ppo_lagrangian,S2_grid_extreme,309175.954392234,39767.32825509414,0.0,0.0,0.9999925035362137
ppo_lagrangian,S3_island_normal,76456.00124803791,2268.0611226838987,0.5952380952380951,0.4464285714285714,0.9969462474171223
ppo_lagrangian,S4_island_extreme,85552.80313299318,13922.736980933727,48.660714285714285,5.2884987035466935,0.8056985643372321
cpo,S1_grid_normal,120682.08894495375,12927.709816049333,0.0,0.0,0.9997584834345362
cpo,S2_grid_extreme,221726.53083354988,20215.940070881163,0.0,0.0,0.9994026528871259
cpo,S3_island_normal,82075.34305215935,4927.083957434839,1.240079365079365,1.1267675289286256,0.9954955271041408
cpo,S4_island_extreme,91474.45748148502,2566.424822866696,48.958333333333336,1.322647978767198,0.8347081057850573
safety_layer,S1_grid_normal,214043.71552278977,1901.0939909361325,0.0,0.0,0.9558722279591315
safety_layer,S2_grid_extreme,283822.2479476359,72475.54976838682,0.0,0.0,0.958700416619274
safety_layer,S3_island_normal,25983.780771502166,2653.549818357041,56.44841269841271,13.634017036091686,0.8217925026851937
safety_layer,S4_island_extreme,63536.0487929609,6272.478574274311,57.44047619047618,11.826378860896138,0.811164400736239
fuzzy_sac,S1_grid_normal,105980.78290562588,14374.505716494614,52.67857142857142,49.8483030435995,0.7810378543933462
fuzzy_sac,S2_grid_extreme,196227.00826341278,13151.172235605236,89.78174603174602,16.409806758217037,0.6139180617970234
fuzzy_sac,S3_island_normal,52026.88202671233,23697.587584054498,60.76388888888891,39.77484923195552,0.8539616040053347
fuzzy_sac,S4_island_extreme,66154.7760731172,23888.001031185737,98.80952380952381,0.2577456558882164,0.7245174713000164
hfg_sac,S1_grid_normal,84964.34342124648,20080.40264114987,57.98611111111111,51.49160748182153,0.7731686238949725
hfg_sac,S2_grid_extreme,180444.53536468357,23889.708310132086,98.01587301587301,2.1478804657352026,0.5807814072670585
hfg_sac,S3_island_normal,39483.628417564156,8228.91749361645,76.93452380952381,38.14635707145742,0.8213591765631093
hfg_sac,S4_island_extreme,66655.33567561215,2122.8203057370492,99.05753968253968,0.17183043725881095,0.7443066481883512
